,mjd,ra_deg,dec_deg,ra_sigma_arcsec,dec_sigma_arcsec,mag,mag_sigma,filter,obscode,exposure_id,exposure_mjd_start,exposure_mjd_mid,exposure_duration,observation_id,healpix_id,pred_ra_deg,pred_dec_deg,pred_vra_degpday,pred_vdec_degpday,delta_ra_arcsec,delta_dec_arcsec,distance_arcsec,dataset_id,orbit_id
0,58076.41516203371,354.204606,1.6800638,0.08500000000000003,0.059000000000000004,18.526682,0.0049,i,Q55,20171119095658,58076.41458333,58076.41516203371,100.0,165084852020171119095658,4929241516,354.2046821002013,1.6800773773473705,-0.04239121220365116,-0.04869672124639776,0.2739607246212472,0.04887845053342943,0.27817093023848705,SKYMAPPER_DR2,162997
1,58076.41655092371,354.2045585,1.6800309,0.08500000000000003,0.059000000000000004,18.315699,0.0163,z,Q55,20171119095858,58076.41597222,58076.41655092371,100.0,165084852020171119095858,4929241516,354.20462324412546,1.680009743369929,-0.042358536943048,-0.04869469945751637,0.23307885157919372,-0.07616386825546329,0.24511220187527388,SKYMAPPER_DR2,162997
