,mjd,ra_deg,dec_deg,ra_sigma_arcsec,dec_sigma_arcsec,mag,mag_sigma,filter,obscode,exposure_id,exposure_mjd_start,exposure_mjd_mid,exposure_duration,observation_id,healpix_id,pred_ra_deg,pred_dec_deg,pred_vra_degpday,pred_vdec_degpday,delta_ra_arcsec,delta_dec_arcsec,distance_arcsec,dataset_id,orbit_id
0,57480.602962963705,193.3894911,-6.2374734,0.64499999999976,0.19899999999999998,20.662445,0.0269,g,Q55,20160402142723,57480.60238426,57480.602962963705,100.0,1069201021120160402142723,6849872248,193.3894619439463,-6.237514336952291,-0.2656767283041419,0.07934834857429447,-0.10496179331767053,-0.14737302824805454,0.1805705797999447,SKYMAPPER_DR2,212980
1,57480.604340273705,193.3891309,-6.237363,0.64499999999976,0.19899999999999998,20.2409,0.0158,r,Q55,20160402142924,57480.60376157,57480.604340273705,100.0,1069201021120160402142924,6849872250,193.389096024345,-6.237405038576252,-0.2656685415843822,0.07936052492764832,-0.12555235796298803,-0.1513388745074451,0.19616516599089065,SKYMAPPER_DR2,212980
2,57481.61415509371,193.1334488,-6.1573193,0.75399999999984,0.23500000000000004,19.700613,0.0268,r,Q55,20160403144331,57481.61357639,57481.61415509371,100.0,106916843720160403144331,6849958953,193.13341686147032,-6.157276785407973,-0.2650965714066681,0.07963341025432845,-0.11497870682433131,0.15305253129831442,0.19103165049569046,SKYMAPPER_DR2,212980
3,57481.61554398371,193.1330273,-6.1571885,0.75399999999984,0.23500000000000004,20.099342,0.0084,g,Q55,20160403144531,57481.61496528,57481.61554398371,100.0,106916843720160403144531,6849958953,193.13304867751967,-6.157166171985438,-0.2650777334038385,0.07964516790360453,0.07695907077049924,0.08038085242532134,0.11097587934288967,SKYMAPPER_DR2,212980
4,57483.589189813705,192.6361708,-6.0004905,0.594,0.256,20.113468,0.0113,g,Q55,20160405140735,57483.58861111,57483.589189813705,100.0,1069219881320160405140735,6847201021,192.63616236001675,-6.000470635717879,-0.2631333533143995,0.07933460901766654,-0.030383939690636907,0.07151141563390695,0.0776336129479071,SKYMAPPER_DR2,212980
5,57483.59059027371,192.6358389,-6.0003481,0.594,0.256,19.778563,0.013,r,Q55,20160405140935,57483.59001157,57483.59059027371,100.0,1069219881320160405140935,6847201021,192.63579384799195,-6.00035951850161,-0.2631257126315604,0.07934585156531662,-0.16218722902294758,-0.041106605796059625,0.1664542164236984,SKYMAPPER_DR2,212980
