,mjd,ra_deg,dec_deg,ra_sigma_arcsec,dec_sigma_arcsec,mag,mag_sigma,filter,obscode,exposure_id,exposure_mjd_start,exposure_mjd_mid,exposure_duration,observation_id,healpix_id,pred_ra_deg,pred_dec_deg,pred_vra_degpday,pred_vdec_degpday,delta_ra_arcsec,delta_dec_arcsec,distance_arcsec,dataset_id,orbit_id
0,56953.502256943706,343.7151365,-9.4397389,0.09100000000000001,0.31800000000000006,21.290802,0.0388,g,Q55,20141023120223,56953.50167824,56953.502256943706,100.0,72221331820141023120223,4855638472,343.7151002953237,-9.439667135652684,0.04308642622807211,0.032110676836879626,-0.1303368348544609,0.2583516503385397,0.28857635304878604,SKYMAPPER_DR2,236204
1,56953.50363426371,343.7151879,-9.4395621,0.09100000000000001,0.31800000000000006,20.608543,0.0531,r,Q55,20141023120423,56953.50305556,56953.50363426371,100.0,72221331820141023120423,4855638472,343.71515962429424,-9.439622911414826,0.04313083486517154,0.03213174880440116,-0.10179254068134469,-0.21892109337500187,0.24085151351846554,SKYMAPPER_DR2,236204
