,mjd,ra_deg,dec_deg,ra_sigma_arcsec,dec_sigma_arcsec,mag,mag_sigma,filter,obscode,exposure_id,exposure_mjd_start,exposure_mjd_mid,exposure_duration,observation_id,healpix_id,pred_ra_deg,pred_dec_deg,pred_vra_degpday,pred_vdec_degpday,delta_ra_arcsec,delta_dec_arcsec,distance_arcsec,dataset_id,orbit_id
0,57814.64908564371,178.3973558,0.9095124,0.036000000000000004,0.036000000000000004,20.459753,0.0193,r,Q55,20170302153349,57814.64850694,57814.64908564371,100.0,1118282562820170302153349,7069476342,178.39731075797278,0.9094522653352406,-0.20858533669125207,0.3699564444649494,-0.1621512980591433,-0.21648479313385316,0.2704664206584229,SKYMAPPER_DR2,259915
