,mjd,ra_deg,dec_deg,ra_sigma_arcsec,dec_sigma_arcsec,mag,mag_sigma,filter,obscode,exposure_id,exposure_mjd_start,exposure_mjd_mid,exposure_duration,observation_id,healpix_id,pred_ra_deg,pred_dec_deg,pred_vra_degpday,pred_vdec_degpday,delta_ra_arcsec,delta_dec_arcsec,distance_arcsec,dataset_id,orbit_id
0,57629.53313657371,346.9017103,-5.4586925,0.6199999999999201,0.12300000000000003,20.68763,0.0304,g,Q55,20160829124652,57629.53255787,57629.53313657371,100.0,8296608120160829124652,4908527611,346.9016945980712,-5.458658819689058,-0.23619825043147938,-0.06136786875209209,-0.05652694374020939,0.12124911939110916,0.1336702253183171,SKYMAPPER_DR2,296549
1,57629.53452546371,346.9013642,-5.4587611,0.6199999999999201,0.12300000000000003,20.182497,0.0197,r,Q55,20160829124852,57629.53394676,57629.53452546371,100.0,8296608120160829124852,4908527611,346.9013665164336,-5.458744042861778,-0.23625350498595307,-0.06136031344390328,0.00833916099054477,0.06140569759871539,0.06196427989043339,SKYMAPPER_DR2,296549
2,57636.49788194371,345.2821015,-5.9003753,0.53899999999992,0.07500000000000001,19.95443,0.024,g,Q55,20160905115605,57636.49730324,57636.49788194371,100.0,76196332520160905115605,4908058372,345.2821226493018,-5.900401713929311,-0.24752156256377503,-0.06556720238172951,0.076137486485095,-0.09509014551767336,0.12156394446315207,SKYMAPPER_DR2,296549
3,57636.49929398371,345.2818006,-5.9004167,0.53899999999992,0.07500000000000001,19.700218,0.0126,r,Q55,20160905115807,57636.49871528,57636.49929398371,100.0,76196332520160905115807,4908058372,345.2817730983236,-5.900494289939257,-0.24758143579504818,-0.06555772465198767,-0.09900603508867789,-0.2793237813239813,0.2961762665435687,SKYMAPPER_DR2,296549
4,57637.58350694371,345.0238224,-5.9709306,0.58199999999976,0.16500000000000004,19.960733,0.0166,g,Q55,20160906135923,57637.58292824,57637.58350694371,100.0,76165732920160906135923,4908017428,345.02384421086595,-5.9709066334672185,-0.24956594002506904,-0.06490580033139823,0.07851911750549334,0.08627951801329914,0.11637307822417418,SKYMAPPER_DR2,296549
5,57637.58489583371,345.0234971,-5.971022,0.58199999999976,0.16500000000000004,19.515955,0.0145,r,Q55,20160906140124,57637.58431713,57637.58489583371,100.0,76165732920160906140124,4908017428,345.0234975916141,-5.9709967725749244,-0.24956533378995238,-0.06489444523222826,0.0017698108194963424,0.09081873027056986,0.09083578647052433,SKYMAPPER_DR2,296549
