,mjd,ra_deg,dec_deg,ra_sigma_arcsec,dec_sigma_arcsec,mag,mag_sigma,filter,obscode,exposure_id,exposure_mjd_start,exposure_mjd_mid,exposure_duration,observation_id,healpix_id,pred_ra_deg,pred_dec_deg,pred_vra_degpday,pred_vdec_degpday,delta_ra_arcsec,delta_dec_arcsec,distance_arcsec,dataset_id,orbit_id
0,56952.46723379371,344.0067853,-8.8648437,0.046000000000000006,0.06500000000000002,20.779129,0.0554,g,Q55,20141022111157,56952.46665509,56952.46723379371,100.0,7231469720141022111157,4855873307,344.006769463551,-8.864767610826192,0.050750085719670435,0.023920261971498342,-0.05701121638139739,0.27392102570829024,0.2796530348021286,SKYMAPPER_DR2,299418
1,56952.46863426371,344.0068109,-8.8648076,0.046000000000000006,0.06500000000000002,20.399282,0.0197,r,Q55,20141022111358,56952.46805556,56952.46863426371,100.0,7231469720141022111358,4855873307,344.0068405118397,-8.86473410881021,0.050772605413218916,0.023945365915050473,0.10660262289547973,0.26456828324938897,0.2847641550082372,SKYMAPPER_DR2,299418
2,56958.45399305371,344.5615823,-8.6476754,0.036000000000000004,0.036000000000000004,19.966516,0.0184,i,Q55,20141028105254,56958.45341435,56958.45399305371,100.0,72438571520141028105254,4855939431,344.56154788487686,-8.647640356189774,0.10606177162048559,0.04872207263638251,-0.12389444329983235,0.1261577168172323,0.1758368052065671,SKYMAPPER_DR2,299418
